wg_a,wg_b,wg_h,a,b,h,thickness
22.86,10.16,7.5,77.3997678451831,57.18849584918966,38.162078606789926,2.0
