wg_a,wg_b,wg_h,a,b,h,thickness
22.86,10.16,7.5,179.78547661641323,141.67516475037795,303.4985498440148,2.0
